ts,x,y,z,ls
1.669246928055776e+18,0.0,-0.0005000000237487257,0.0,0.0
1.6692469284886282e+18,0.0,-0.0005000000237487257,0.0,0.0
1.6692469289216937e+18,0.0,-0.0005000000237487257,0.0,0.0
1.6692469293466798e+18,0.0,-0.0005000000237487257,0.0,0.0
1.6692469297633329e+18,0.0,-0.0005000000237487257,0.0,0.0
1.669246930180041e+18,0.0,-0.0005000000237487257,0.0,0.0
1.6692469305800315e+18,0.0,-0.0005000000237487257,0.0,0.0
1.6692469309800415e+18,0.0,-0.0005000000237487257,0.0,0.0
1.669246931388178e+18,0.0,-0.0005000000237487257,0.0,0.0
1.6692469317965612e+18,0.0,-0.0005000000237487257,0.0,0.0
1.6692469322048338e+18,0.0,-0.0005000000237487257,0.0,0.0
1.6692469326133916e+18,0.0,-0.0005000000237487257,0.0,0.0
1.6692469330715387e+18,0.0,-0.0005000000237487257,0.0,0.0
1.6692469334881293e+18,0.0,-0.0005000000237487257,0.0,0.0
1.6692469338881085e+18,0.0,-0.0005000000237487257,0.0,0.0
1.66924693437149e+18,0.0,-0.0005000000237487257,0.0,0.0
1.6692469347879729e+18,0.0,-0.0005000000237487257,0.0,0.0
1.669246935179718e+18,0.0,-0.0005000000237487257,0.0,0.0
1.6692469355799012e+18,0.0,-0.0005000000237487257,0.0,0.0
1.6692469361296899e+18,0.0,-0.0005000000237487257,0.0,0.0
1.6692469365547727e+18,0.0,-0.0005000000237487257,0.0,0.0
1.669246936954658e+18,0.0,-0.0005000000237487257,0.0,0.0
1.669246937379951e+18,0.0,-0.0005000000237487257,0.0,0.0
1.669246937821564e+18,0.0,-0.0005000000237487257,0.0,-3.477655991446227e-05
1.6692469382379748e+18,0.0,-0.0005000000237487257,0.0,-0.01002724189311266
1.6692469386381176e+18,0.0,-0.0005000000237487257,0.0,-0.04076972231268883
1.6692469390714998e+18,0.0,-0.0005000000237487257,0.0,-0.08942212909460068
1.6692469394966582e+18,0.0,-0.0005000000237487257,0.0,-0.1568886637687683
1.6692469399132209e+18,0.0,-0.0005000000237487257,0.0,-0.2432156652212143
1.669246940338252e+18,0.0,-0.0005000000237487257,0.0,-0.3788326680660248
1.6692469408631652e+18,0.0,-0.0005000000237487257,0.0,-0.5520547032356262
1.669246941413074e+18,0.0,-0.0005000000237487257,0.0,-0.7015475630760193
1.669246941821298e+18,0.0,-0.0005000000237487257,0.0,-0.8647075891494751
1.6692469422213368e+18,0.0,-0.0005000000237487257,0.0,-1.0499855279922485
1.6692469426297477e+18,0.0,-0.0005000000237487257,0.0,-1.2482002973556519
1.6692469430381962e+18,0.0,-0.0005000000237487257,0.0,-1.485480785369873
1.6692469434713807e+18,0.0,-0.0005000000237487257,0.0,-1.725531816482544
1.6692469438878787e+18,0.0,-0.0005000000237487257,0.0,-1.9899147748947144
1.6692469443047895e+18,0.0,-0.0005000000237487257,0.0,-2.2663652896881104
1.6692469447128323e+18,0.0,-0.0005000000237487257,0.0,-2.5679938793182373
1.6692469451381056e+18,0.0,-0.0005000000237487257,0.0,-2.8807976245880127
1.669246945546297e+18,0.0,-0.0005000000237487257,0.0,-3.211580514907837
1.6692469459713236e+18,0.0,-0.0005000000237487257,0.0,-3.57739520072937
1.6692469463879068e+18,0.0,-0.0005000000237487257,0.0,-3.953932762145996
1.6692469468043384e+18,0.0,-0.0005000000237487257,0.0,-4.349318981170654
1.6692469472212703e+18,0.0,-0.0005000000237487257,0.0,-4.76353120803833
1.6692469476461468e+18,0.0,-0.0005000000237487257,0.0,-5.203697681427002
1.6692469480711951e+18,0.0,-0.0005000000237487257,0.0,-5.608972549438477
1.669246948487952e+18,0.0,-0.0005000000237487257,0.0,-6.025201320648193
1.6692469489209398e+18,0.0,-0.0005000000237487257,0.0,-6.385637283325195
1.6692469493293821e+18,0.0,-0.0005000000237487257,0.0,-6.761479377746582
1.6692469497627812e+18,0.0,-0.0005000000237487257,0.0,-7.109047889709473
1.6692469501962273e+18,0.0,-0.0005000000237487257,0.0,-7.444827079772949
1.6692469506377992e+18,0.0,-0.0005000000237487257,0.0,-7.7598795890808105
1.6692469510711593e+18,0.0,-0.0005000000237487257,0.0,-8.053579330444336
1.6692469515126528e+18,0.0,-0.0005000000237487257,0.0,-8.338897705078125
1.6692469519712573e+18,0.0,-0.0005000000237487257,0.0,-8.58554458618164
1.6692469524042903e+18,0.0,-0.0005000000237487257,0.0,-8.822198867797852
1.6692469528542646e+18,0.0,-0.0005000000237487257,0.0,-9.022964477539062
1.6692469532708547e+18,0.0,-0.0005000000237487257,0.0,-9.202178955078125
1.6692469536877253e+18,0.0,-0.0005000000237487257,0.0,-9.361780166625977
1.6692469540960886e+18,0.0,-0.0005000000237487257,0.0,-9.514043807983398
1.6692469545376302e+18,0.0,-0.0005000000237487257,0.0,-9.64261245727539
1.669246954962693e+18,0.0,-0.0005000000237487257,0.0,-9.744658470153809
1.6692469553625367e+18,0.0,-0.0005000000237487257,0.0,-9.829398155212402
1.6692469557626593e+18,0.0,-0.0005000000237487257,0.0,-9.90013313293457
1.6692469561792435e+18,0.0,-0.0005000000237487257,0.0,-9.955010414123535
1.669246956629262e+18,0.0,-0.0005000000237487257,0.0,-9.988327026367188
1.6692469570876296e+18,0.0,-0.0005000000237487257,0.0,-9.999988555908203
1.669246957529136e+18,0.0,-0.0005000000237487257,0.0,-10.0
1.6692469579540124e+18,0.0,-0.0005000000237487257,0.0,-10.007569313049316
1.6692469584040512e+18,0.0,-0.0005000000237487257,0.0,-10.035680770874023
1.6692469588458373e+18,0.0,-0.0005000000237487257,0.0,-10.08450698852539
1.6692469592789914e+18,0.0,-0.0005000000237487257,0.0,-10.146698951721191
1.6692469596874012e+18,0.0,-0.0005000000237487257,0.0,-10.2328519821167
1.6692469601124864e+18,0.0,-0.0005000000237487257,0.0,-10.338561058044434
1.6692469605455706e+18,0.0,-0.0005000000237487257,0.0,-10.457578659057617
1.6692469609541332e+18,0.0,-0.0005000000237487257,0.0,-10.620112419128418
1.6692469614289754e+18,0.0,-0.0005000000237487257,0.0,-10.782402992248535
1.669246961854118e+18,0.0,-0.0005000000237487257,0.0,-10.954663276672363
1.6692469622538358e+18,0.0,-0.0005000000237487257,0.0,-11.15859317779541
1.6692469626789012e+18,0.0,-0.0005000000237487257,0.0,-11.382240295410156
1.6692469631123412e+18,0.0,-0.0005000000237487257,0.0,-11.614699363708496
1.669246963520757e+18,0.0,-0.0005000000237487257,0.0,-11.863988876342773
1.669246963937154e+18,0.0,-0.0005000000237487257,0.0,-12.131814956665039
1.6692469643455406e+18,0.0,-0.0005000000237487257,0.0,-12.42464542388916
1.6692469647621862e+18,0.0,-0.0005000000237487257,0.0,-12.736324310302734
1.669246965187092e+18,0.0,-0.0005000000237487257,0.0,-13.074723243713379
1.6692469656121976e+18,0.0,-0.0005000000237487257,0.0,-13.425352096557617
1.6692469660287703e+18,0.0,-0.0005000000237487257,0.0,-13.775575637817383
1.6692469664288046e+18,0.0,-0.0005000000237487257,0.0,-14.256628036499023
1.6692469669538276e+18,0.0,-0.0005000000237487257,0.0,-14.677238464355469
1.6692469673788262e+18,0.0,-0.0005000000237487257,0.0,-15.095345497131348
1.6692469677954563e+18,0.0,-0.0005000000237487257,0.0,-15.535837173461914
1.669246968228591e+18,0.0,-0.0005000000237487257,0.0,-15.917393684387207
1.6692469686287977e+18,0.0,-0.0005000000237487257,0.0,-16.273204803466797
1.669246969028955e+18,0.0,-0.0005000000237487257,0.0,-16.638498306274414
1.669246969445425e+18,0.0,-0.0005000000237487257,0.0,-16.96924591064453
1.669246969845337e+18,0.0,-0.0005000000237487257,0.0,-17.297733306884766
1.6692469702619681e+18,0.0,-0.0005000000237487257,0.0,-17.748380661010742
1.669246970881093e+18,0.0,-0.0005000000237487257,0.0,-18.062400817871094
1.6692469713534764e+18,0.0,-0.0005000000237487257,0.0,-18.323734283447266
1.6692469717702653e+18,0.0,-0.0005000000237487257,0.0,-18.554222106933594
1.669246972178574e+18,0.0,-0.0005000000237487257,0.0,-18.79361343383789
1.6692469726287194e+18,0.0,-0.0005000000237487257,0.0,-19.00638771057129
1.6692469730618852e+18,0.0,-0.0005000000237487257,0.0,-19.186378479003906
1.6692469734784778e+18,0.0,-0.0005000000237487257,0.0,-19.3596248626709
1.6692469739119252e+18,0.0,-0.0005000000237487257,0.0,-19.50550079345703
1.669246974328434e+18,0.0,-0.0005000000237487257,0.0,-19.62982749938965
1.6692469747451205e+18,0.0,-0.0005000000237487257,0.0,-19.740764617919922
1.6692469751710382e+18,0.0,-0.0005000000237487257,0.0,-19.82623291015625
1.669246975570159e+18,0.0,-0.0005000000237487257,0.0,-19.894927978515625
1.6692469759784847e+18,0.0,-0.0005000000237487257,0.0,-19.949295043945312
1.6692469764033434e+18,0.0,-0.0005000000237487257,0.0,-19.982402801513672
1.669246976803418e+18,0.0,-0.0005000000237487257,0.0,-20.0
1.669246977436681e+18,0.0,-0.0005000000237487257,0.0,-20.0
1.6692469778617516e+18,0.0,-0.0005000000237487257,0.0,-20.007558822631836
1.6692469782783823e+18,0.0,-0.0005000000237487257,0.0,-20.037303924560547
1.6692469787366395e+18,0.0,-0.0005000000237487257,0.0,-20.084239959716797
1.6692469791532175e+18,0.0,-0.0005000000237487257,0.0,-20.155473709106445
1.6692469796036966e+18,0.0,-0.0005000000237487257,0.0,-20.248363494873047
1.6692469800531914e+18,0.0,-0.0005000000237487257,0.0,-20.351823806762695
1.6692469804615818e+18,0.0,-0.0005000000237487257,0.0,-20.47327423095703
1.6692469808781532e+18,0.0,-0.0005000000237487257,0.0,-20.60915756225586
1.6692469812783347e+18,0.0,-0.0005000000237487257,0.0,-20.765710830688477
1.669246981686612e+18,0.0,-0.0005000000237487257,0.0,-20.95421028137207
1.6692469821196178e+18,0.0,-0.0005000000237487257,0.0,-21.14310646057129
1.6692469825280476e+18,0.0,-0.0005000000237487257,0.0,-21.35478973388672
1.6692469829363587e+18,0.0,-0.0005000000237487257,0.0,-21.590147018432617
1.6692469833529114e+18,0.0,-0.0005000000237487257,0.0,-21.83819580078125
1.6692469837614566e+18,0.0,-0.0005000000237487257,0.0,-22.097686767578125
1.6692469841612209e+18,0.0,-0.0005000000237487257,0.0,-22.41692543029785
1.6692469846196764e+18,0.0,-0.0005000000237487257,0.0,-22.728105545043945
1.6692469850448297e+18,0.0,-0.0005000000237487257,0.0,-23.0660400390625
1.6692469854695327e+18,0.0,-0.0005000000237487257,0.0,-23.41617202758789
1.669246985894792e+18,0.0,-0.0005000000237487257,0.0,-23.783470153808594
1.669246986311492e+18,0.0,-0.0005000000237487257,0.0,-24.170452117919922
1.6692469867362104e+18,0.0,-0.0005000000237487257,0.0,-24.57625961303711
1.6692469871529318e+18,0.0,-0.0005000000237487257,0.0,-25.00091552734375
1.66924698757786e+18,0.0,-0.0005000000237487257,0.0,-25.445743560791016
1.6692469880112824e+18,0.0,-0.0005000000237487257,0.0,-25.841337203979492
1.6692469884195208e+18,0.0,-0.0005000000237487257,0.0,-26.20052146911621
1.669246988811109e+18,0.0,-0.0005000000237487257,0.0,-26.552703857421875
1.66924698921131e+18,0.0,-0.0005000000237487257,0.0,-26.911598205566406
1.6692469896445404e+18,0.0,-0.0005000000237487257,0.0,-27.25078582763672
1.6692469900778806e+18,0.0,-0.0005000000237487257,0.0,-27.592012405395508
1.6692469905362156e+18,0.0,-0.0005000000237487257,0.0,-27.897537231445312
1.669246990977844e+18,0.0,-0.0005000000237487257,0.0,-28.188430786132812
1.6692469914193928e+18,0.0,-0.0005000000237487257,0.0,-28.428979873657227
1.6692469918195054e+18,0.0,-0.0005000000237487257,0.0,-28.662296295166016
1.6692469922444068e+18,0.0,-0.0005000000237487257,0.0,-28.892621994018555
1.6692469926943862e+18,0.0,-0.0005000000237487257,0.0,-29.08271026611328
1.6692469931026207e+18,0.0,-0.0005000000237487257,0.0,-29.263050079345703
1.6692469935360433e+18,0.0,-0.0005000000237487257,0.0,-29.424030303955078
1.6692469939610353e+18,0.0,-0.0005000000237487257,0.0,-29.56189727783203
1.6692469943858499e+18,0.0,-0.0005000000237487257,0.0,-29.683719635009766
1.669246994810882e+18,0.0,-0.0005000000237487257,0.0,-29.781116485595703
1.6692469952278674e+18,0.0,-0.0005000000237487257,0.0,-29.860790252685547
1.669246995636062e+18,0.0,-0.0005000000237487257,0.0,-29.922494888305664
1.6692469960442737e+18,0.0,-0.0005000000237487257,0.0,-29.96710205078125
1.66924699646092e+18,0.0,-0.0005000000237487257,0.0,-29.9920711517334
1.6692469968611039e+18,0.0,-0.0005000000237487257,0.0,-30.000022888183594
1.6692469972608123e+18,0.0,-0.0005000000237487257,0.0,-30.008485794067383
1.6692469977941425e+18,0.0,-0.0005000000237487257,0.0,-30.034833908081055
1.669246998202514e+18,0.0,-0.0005000000237487257,0.0,-30.080612182617188
1.6692469986274537e+18,0.0,-0.0005000000237487257,0.0,-30.148611068725586
1.6692469990608988e+18,0.0,-0.0005000000237487257,0.0,-30.24431610107422
1.669246999535929e+18,0.0,-0.0005000000237487257,0.0,-30.363426208496094
1.669247000002573e+18,0.0,-0.0005000000237487257,0.0,-30.493038177490234
1.6692470004358026e+18,0.0,-0.0005000000237487257,0.0,-30.646345138549805
1.669247000869091e+18,0.0,-0.0005000000237487257,0.0,-30.824066162109375
1.6692470013272568e+18,0.0,-0.0005000000237487257,0.0,-31.014686584472656
1.6692470017532739e+18,0.0,-0.0005000000237487257,0.0,-31.21962547302246
1.6692470021773908e+18,0.0,-0.0005000000237487257,0.0,-31.460256576538086
1.6692470026273155e+18,0.0,-0.0005000000237487257,0.0,-31.697769165039062
1.669247003035479e+18,0.0,-0.0005000000237487257,0.0,-31.947486877441406
1.669247003435719e+18,0.0,-0.0005000000237487257,0.0,-32.20762634277344
1.6692470038274404e+18,0.0,-0.0005000000237487257,0.0,-32.505455017089844
1.669247004244049e+18,0.0,-0.0005000000237487257,0.0,-32.80620193481445
1.6692470046442954e+18,0.0,-0.0005000000237487257,0.0,-33.14878463745117
1.6692470050689395e+18,0.0,-0.0005000000237487257,0.0,-33.494197845458984
1.6692470054857377e+18,0.0,-0.0005000000237487257,0.0,-33.84872055053711
1.6692470058857605e+18,0.0,-0.0005000000237487257,0.0,-34.229652404785156
1.6692470062939428e+18,0.0,-0.0005000000237487257,0.0,-34.63827896118164
1.6692470067105859e+18,0.0,-0.0005000000237487257,0.0,-35.05527114868164
1.6692470071272374e+18,0.0,-0.0005000000237487257,0.0,-35.48706817626953
1.6692470075523948e+18,0.0,-0.0005000000237487257,0.0,-36.07545471191406
1.6692470081690194e+18,0.0,-0.0005000000237487257,0.0,-36.43352508544922
1.6692470085773325e+18,0.0,-0.0005000000237487257,0.0,-36.79874801635742
1.669247009002197e+18,0.0,-0.0005000000237487257,0.0,-37.12055969238281
1.6692470094106076e+18,0.0,-0.0005000000237487257,0.0,-37.418766021728516
1.669247009793754e+18,0.0,-0.0005000000237487257,0.0,-37.72801208496094
1.6692470102187722e+18,0.0,-0.0005000000237487257,0.0,-38.00478744506836
1.6692470106354798e+18,0.0,-0.0005000000237487257,0.0,-38.26359558105469
1.6692470110438083e+18,0.0,-0.0005000000237487257,0.0,-38.49835968017578
1.6692470114437658e+18,0.0,-0.0005000000237487257,0.0,-38.72676086425781
1.669247011868654e+18,0.0,-0.0005000000237487257,0.0,-38.92702865600586
1.6692470122686781e+18,0.0,-0.0005000000237487257,0.0,-39.11864471435547
1.6692470126853934e+18,0.0,-0.0005000000237487257,0.0,-39.29524230957031
1.6692470131104246e+18,0.0,-0.0005000000237487257,0.0,-39.45576858520508
1.6692470135520305e+18,0.0,-0.0005000000237487257,0.0,-39.5924072265625
1.669247013985363e+18,0.0,-0.0005000000237487257,0.0,-39.70713424682617
1.6692470144019098e+18,0.0,-0.0005000000237487257,0.0,-39.80251693725586
1.6692470148186245e+18,0.0,-0.0005000000237487257,0.0,-39.88103103637695
1.6692470152521354e+18,0.0,-0.0005000000237487257,0.0,-39.93873596191406
1.6692470156771077e+18,0.0,-0.0005000000237487257,0.0,-39.978553771972656
1.6692470161103473e+18,0.0,-0.0005000000237487257,0.0,-39.997589111328125
1.6692470165352745e+18,0.0,-0.0005000000237487257,0.0,-40.00010299682617
1.6692470169519867e+18,0.0,-0.0005000000237487257,0.0,-40.011837005615234
1.6692470173768205e+18,0.0,-0.0005000000237487257,0.0,-40.04136276245117
1.6692470177852337e+18,0.0,-0.0005000000237487257,0.0,-40.08890151977539
1.6692470181934781e+18,0.0,-0.0005000000237487257,0.0,-40.1544075012207
1.6692470186018312e+18,0.0,-0.0005000000237487257,0.0,-40.26573944091797
1.6692470191350482e+18,0.0,-0.0005000000237487257,0.0,-40.38975143432617
1.669247019601857e+18,0.0,-0.0005000000237487257,0.0,-40.52000045776367
1.6692470200268987e+18,0.0,-0.0005000000237487257,0.0,-40.688377380371094
1.66924702049363e+18,0.0,-0.0005000000237487257,0.0,-40.85926055908203
1.6692470209182866e+18,0.0,-0.0005000000237487257,0.0,-41.048606872558594
1.6692470213353096e+18,0.0,-0.0005000000237487257,0.0,-41.26235580444336
1.6692470217601597e+18,0.0,-0.0005000000237487257,0.0,-41.48931884765625
1.6692470221852467e+18,0.0,-0.0005000000237487257,0.0,-41.73563003540039
1.6692470226016666e+18,0.0,-0.0005000000237487257,0.0,-41.994388580322266
1.669247023018354e+18,0.0,-0.0005000000237487257,0.0,-42.27793502807617
1.6692470234351117e+18,0.0,-0.0005000000237487257,0.0,-42.575958251953125
1.6692470238433544e+18,0.0,-0.0005000000237487257,0.0,-42.87773895263672
1.6692470242433487e+18,0.0,-0.0005000000237487257,0.0,-43.225341796875
1.6692470246682458e+18,0.0,-0.0005000000237487257,0.0,-43.54841613769531
1.6692470250514962e+18,0.0,-0.0005000000237487257,0.0,-43.91453170776367
1.6692470254683868e+18,0.0,-0.0005000000237487257,0.0,-44.30893325805664
1.6692470258849928e+18,0.0,-0.0005000000237487257,0.0,-44.73011016845703
1.6692470263098824e+18,0.0,-0.0005000000237487257,0.0,-45.15910339355469
1.6692470267346514e+18,0.0,-0.0005000000237487257,0.0,-45.56725311279297
1.6692470271432532e+18,0.0,-0.0005000000237487257,0.0,-45.975563049316406
1.669247027576499e+18,0.0,-0.0005000000237487257,0.0,-46.39077377319336
1.6692470280345987e+18,0.0,-0.0005000000237487257,0.0,-46.84941864013672
1.6692470285764467e+18,0.0,-0.0005000000237487257,0.0,-47.207950592041016
1.6692470290187681e+18,0.0,-0.0005000000237487257,0.0,-47.53777313232422
1.6692470294597274e+18,0.0,-0.0005000000237487257,0.0,-47.85279083251953
1.6692470299183823e+18,0.0,-0.0005000000237487257,0.0,-48.14688491821289
1.6692470303597601e+18,0.0,-0.0005000000237487257,0.0,-48.39597702026367
1.669247030776408e+18,0.0,-0.0005000000237487257,0.0,-48.615962982177734
1.669247031167957e+18,0.0,-0.0005000000237487257,0.0,-48.825130462646484
1.6692470315678477e+18,0.0,-0.0005000000237487257,0.0,-49.026092529296875
1.6692470319845914e+18,0.0,-0.0005000000237487257,0.0,-49.20016098022461
1.6692470323845204e+18,0.0,-0.0005000000237487257,0.0,-49.40397644042969
1.669247032918245e+18,0.0,-0.0005000000237487257,0.0,-49.54439163208008
1.669247033335018e+18,0.0,-0.0005000000237487257,0.0,-49.66596984863281
1.669247033751223e+18,0.0,-0.0005000000237487257,0.0,-49.76674270629883
1.6692470341677983e+18,0.0,-0.0005000000237487257,0.0,-49.849117279052734
1.6692470345762335e+18,0.0,-0.0005000000237487257,0.0,-49.917789459228516
1.6692470350094065e+18,0.0,-0.0005000000237487257,0.0,-49.96400451660156
1.6692470354344622e+18,0.0,-0.0005000000237487257,0.0,-49.99142074584961
1.6692470358515889e+18,0.0,-0.0005000000237487257,0.0,-50.0000114440918
1.6692470362593943e+18,0.0,-0.0005000000237487257,0.0,-50.0
1.6692470366677074e+18,0.0,-0.0005000000237487257,0.0,-50.0
1.6692470370926397e+18,0.0,-0.0005000000237487257,0.0,-50.0
1.6692470375178842e+18,0.0,-0.0005000000237487257,0.0,-50.0
1.6692470379260634e+18,0.0,-0.0005000000237487257,0.0,-50.01557922363281
1.6692470385261957e+18,0.0,-0.0005000000237487257,0.0,-50.05670928955078
1.6692470390176271e+18,0.0,-0.0005000000237487257,0.0,-50.10917663574219
1.669247039409502e+18,0.0,-0.0005000000237487257,0.0,-50.18080520629883
1.6692470398260692e+18,0.0,-0.0005000000237487257,0.0,-50.27041244506836
1.6692470402342917e+18,0.0,-0.0005000000237487257,0.0,-50.37799835205078
1.6692470406426662e+18,0.0,-0.0005000000237487257,0.0,-50.5367431640625
1.6692470411520932e+18,0.0,-0.0005000000237487257,0.0,-50.6925048828125
1.6692470415843932e+18,0.0,-0.0005000000237487257,0.0,-50.88075256347656
1.6692470420428152e+18,0.0,-0.0005000000237487257,0.0,-51.07231140136719
1.6692470424674714e+18,0.0,-0.0005000000237487257,0.0,-51.298126220703125
1.669247042909284e+18,0.0,-0.0005000000237487257,0.0,-51.557838439941406
1.6692470433841423e+18,0.0,-0.0005000000237487257,0.0,-51.83452224731445
1.6692470438426486e+18,0.0,-0.0005000000237487257,0.0,-52.10684585571289
1.6692470442675932e+18,0.0,-0.0005000000237487257,0.0,-52.39801788330078
1.669247044684116e+18,0.0,-0.0005000000237487257,0.0,-52.685028076171875
1.669247045075795e+18,0.0,-0.0005000000237487257,0.0,-53.004695892333984
1.669247045484097e+18,0.0,-0.0005000000237487257,0.0,-53.35883712768555
1.669247045909199e+18,0.0,-0.0005000000237487257,0.0,-53.75979995727539
1.6692470463757676e+18,0.0,-0.0005000000237487257,0.0,-54.12722396850586
1.6692470467758303e+18,0.0,-0.0005000000237487257,0.0,-54.55117416381836
1.6692470472174502e+18,0.0,-0.0005000000237487257,0.0,-54.97470474243164
1.669247047634099e+18,0.0,-0.0005000000237487257,0.0,-55.41001510620117
1.6692470480675164e+18,0.0,-0.0005000000237487257,0.0,-55.81644821166992
1.6692470484837212e+18,0.0,-0.0005000000237487257,0.0,-56.212833404541016
1.6692470489093645e+18,0.0,-0.0005000000237487257,0.0,-56.572792053222656
1.6692470493257047e+18,0.0,-0.0005000000237487257,0.0,-56.93930435180664
1.6692470497589524e+18,0.0,-0.0005000000237487257,0.0,-57.28435516357422
1.6692470502005724e+18,0.0,-0.0005000000237487257,0.0,-57.59480667114258
1.6692470506256527e+18,0.0,-0.0005000000237487257,0.0,-57.87984848022461
1.66924705103375e+18,0.0,-0.0005000000237487257,0.0,-58.14689636230469
1.669247051442373e+18,0.0,-0.0005000000237487257,0.0,-58.390262603759766
1.6692470518420984e+18,0.0,-0.0005000000237487257,0.0,-58.62710189819336
1.6692470522586785e+18,0.0,-0.0005000000237487257,0.0,-58.85479736328125
1.6692470527003674e+18,0.0,-0.0005000000237487257,0.0,-59.05790328979492
1.6692470531339722e+18,0.0,-0.0005000000237487257,0.0,-59.23251724243164
1.669247053542192e+18,0.0,-0.0005000000237487257,0.0,-59.38606643676758
1.6692470539421914e+18,0.0,-0.0005000000237487257,0.0,-59.5256233215332
1.6692470543588337e+18,0.0,-0.0005000000237487257,0.0,-59.64716720581055
1.6692470547589174e+18,0.0,-0.0005000000237487257,0.0,-59.7530403137207
1.66924705518367e+18,0.0,-0.0005000000237487257,0.0,-59.84006118774414
1.6692470556086984e+18,0.0,-0.0005000000237487257,0.0,-59.91238784790039
1.669247056058936e+18,0.0,-0.0005000000237487257,0.0,-59.96137619018555
1.669247056483631e+18,0.0,-0.0005000000237487257,0.0,-59.989173889160156
1.6692470568836014e+18,0.0,-0.0005000000237487257,0.0,-59.99989700317383
1.6692470572836237e+18,0.0,-0.0005000000237487257,0.0,-60.0
1.6692470576755963e+18,0.0,-0.0005000000237487257,0.0,-60.0
1.66924705810024e+18,0.0,-0.0005000000237487257,0.0,-60.00178527832031
1.6692470585004923e+18,0.0,-0.0005000000237487257,0.0,-60.01939392089844
1.6692470589251356e+18,0.0,-0.0005000000237487257,0.0,-60.06607437133789
1.6692470594336627e+18,0.0,-0.0005000000237487257,0.0,-60.125404357910156
1.6692470598501975e+18,0.0,-0.0005000000237487257,0.0,-60.20153045654297
1.6692470602619354e+18,0.0,-0.0005000000237487257,0.0,-60.29808044433594
1.6692470606834258e+18,0.0,-0.0005000000237487257,0.0,-60.40741729736328
1.6692470610839345e+18,0.0,-0.0005000000237487257,0.0,-60.5581169128418
1.6692470615587008e+18,0.0,-0.0005000000237487257,0.0,-60.716373443603516
1.6692470619834204e+18,0.0,-0.0005000000237487257,0.0,-60.885841369628906
1.6692470624001846e+18,0.0,-0.0005000000237487257,0.0,-61.087799072265625
1.669247062833418e+18,0.0,-0.0005000000237487257,0.0,-61.28888702392578
1.6692470632333855e+18,0.0,-0.0005000000237487257,0.0,-61.535953521728516
1.6692470636833733e+18,0.0,-0.0005000000237487257,0.0,-61.78593826293945
1.6692470641001884e+18,0.0,-0.0005000000237487257,0.0,-62.081363677978516
1.6692470645585065e+18,0.0,-0.0005000000237487257,0.0,-62.37083435058594
1.669247064983269e+18,0.0,-0.0005000000237487257,0.0,-62.64891815185547
1.6692470653668728e+18,0.0,-0.0005000000237487257,0.0,-62.95869827270508
1.6692470657666819e+18,0.0,-0.0005000000237487257,0.0,-63.28479766845703
1.6692470661665283e+18,0.0,-0.0005000000237487257,0.0,-63.64687728881836
1.6692470665832356e+18,0.0,-0.0005000000237487257,0.0,-64.01702880859375
1.6692470669915878e+18,0.0,-0.0005000000237487257,0.0,-64.4059829711914
1.6692470674084675e+18,0.0,-0.0005000000237487257,0.0,-64.86457061767578
1.6692470678665439e+18,0.0,-0.0005000000237487257,0.0,-65.31281280517578
1.669247068308245e+18,0.0,-0.0005000000237487257,0.0,-65.69464111328125
1.669247068708161e+18,0.0,-0.0005000000237487257,0.0,-66.07901000976562
1.6692470691083963e+18,0.0,-0.0005000000237487257,0.0,-66.66986846923828
1.6692470697747835e+18,0.0,-0.0005000000237487257,0.0,-67.0208740234375
1.6692470701997284e+18,0.0,-0.0005000000237487257,0.0,-67.34648895263672
1.6692470706249782e+18,0.0,-0.0005000000237487257,0.0,-67.66085052490234
1.669247071058107e+18,0.0,-0.0005000000237487257,0.0,-67.94116973876953
1.669247071466348e+18,0.0,-0.0005000000237487257,0.0,-68.21086120605469
1.6692470718829868e+18,0.0,-0.0005000000237487257,0.0,-68.44983673095703
1.6692470722831404e+18,0.0,-0.0005000000237487257,0.0,-68.687255859375
1.6692470727163633e+18,0.0,-0.0005000000237487257,0.0,-68.89972686767578
1.6692470731334185e+18,0.0,-0.0005000000237487257,0.0,-69.1029052734375
1.6692470735747725e+18,0.0,-0.0005000000237487257,0.0,-69.28115844726562
1.6692470739998415e+18,0.0,-0.0005000000237487257,0.0,-69.47063446044922
1.6692470745245373e+18,0.0,-0.0005000000237487257,0.0,-69.59698486328125
1.6692470749246144e+18,0.0,-0.0005000000237487257,0.0,-69.70785522460938
1.669247075333025e+18,0.0,-0.0005000000237487257,0.0,-69.80550384521484
1.6692470757662638e+18,0.0,-0.0005000000237487257,0.0,-69.88472747802734
1.669247076199802e+18,0.0,-0.0005000000237487257,0.0,-69.94449615478516
1.669247076649703e+18,0.0,-0.0005000000237487257,0.0,-69.98095703125
1.6692470770744975e+18,0.0,-0.0005000000237487257,0.0,-69.99808502197266
1.6692470774829937e+18,0.0,-0.0005000000237487257,0.0,-70.00001525878906
1.6692470778911314e+18,0.0,-0.0005000000237487257,0.0,-70.0055160522461
1.6692470783081974e+18,0.0,-0.0005000000237487257,0.0,-70.03022003173828
1.669247078732944e+18,0.0,-0.0005000000237487257,0.0,-70.07970428466797
1.66924707919965e+18,0.0,-0.0005000000237487257,0.0,-70.14053344726562
1.6692470795995397e+18,0.0,-0.0005000000237487257,0.0,-70.22702026367188
1.6692470800412014e+18,0.0,-0.0005000000237487257,0.0,-70.32374572753906
1.6692470804409915e+18,0.0,-0.0005000000237487257,0.0,-70.44062042236328
1.669247080857812e+18,0.0,-0.0005000000237487257,0.0,-70.58232116699219
1.6692470812828152e+18,0.0,-0.0005000000237487257,0.0,-70.748046875
1.6692470817243668e+18,0.0,-0.0005000000237487257,0.0,-70.92969512939453
1.6692470821494057e+18,0.0,-0.0005000000237487257,0.0,-71.13107299804688
1.669247082582935e+18,0.0,-0.0005000000237487257,0.0,-71.33646392822266
1.669247082982647e+18,0.0,-0.0005000000237487257,0.0,-71.57026672363281
1.669247083407643e+18,0.0,-0.0005000000237487257,0.0,-71.81684112548828
1.6692470838160046e+18,0.0,-0.0005000000237487257,0.0,-72.11473083496094
1.669247084274389e+18,0.0,-0.0005000000237487257,0.0,-72.44225311279297
1.6692470847408707e+18,0.0,-0.0005000000237487257,0.0,-72.78582000732422
1.6692470851995072e+18,0.0,-0.0005000000237487257,0.0,-73.14398956298828
1.6692470856492255e+18,0.0,-0.0005000000237487257,0.0,-73.4891357421875
1.669247086065989e+18,0.0,-0.0005000000237487257,0.0,-73.906494140625
1.6692470865324608e+18,0.0,-0.0005000000237487257,0.0,-74.26127624511719
1.6692470869160138e+18,0.0,-0.0005000000237487257,0.0,-74.68212127685547
1.6692470873409119e+18,0.0,-0.0005000000237487257,0.0,-75.12129211425781
1.6692470877742687e+18,0.0,-0.0005000000237487257,0.0,-75.59761047363281
1.6692470882577613e+18,0.0,-0.0005000000237487257,0.0,-76.00537872314453
1.6692470886823483e+18,0.0,-0.0005000000237487257,0.0,-76.37530517578125
1.6692470890991214e+18,0.0,-0.0005000000237487257,0.0,-76.7517318725586
1.6692470895325576e+18,0.0,-0.0005000000237487257,0.0,-77.21700286865234
1.6692470901165875e+18,0.0,-0.0005000000237487257,0.0,-77.53848266601562
1.6692470905408095e+18,0.0,-0.0005000000237487257,0.0,-77.84087371826172
1.6692470909742456e+18,0.0,-0.0005000000237487257,0.0,-78.13520812988281
1.669247091424007e+18,0.0,-0.0005000000237487257,0.0,-78.37361907958984
1.669247091815806e+18,0.0,-0.0005000000237487257,0.0,-78.60639953613281
1.6692470922239063e+18,0.0,-0.0005000000237487257,0.0,-78.81580352783203
1.6692470926241196e+18,0.0,-0.0005000000237487257,0.0,-79.0451431274414
1.6692470930990456e+18,0.0,-0.0005000000237487257,0.0,-79.21302032470703
1.6692470934907315e+18,0.0,-0.0005000000237487257,0.0,-79.37220001220703
1.6692470939072492e+18,0.0,-0.0005000000237487257,0.0,-79.51655578613281
1.6692470943238817e+18,0.0,-0.0005000000237487257,0.0,-79.6393814086914
1.669247094732099e+18,0.0,-0.0005000000237487257,0.0,-79.74169158935547
1.6692470951322665e+18,0.0,-0.0005000000237487257,0.0,-79.82902526855469
1.6692470955405158e+18,0.0,-0.0005000000237487257,0.0,-79.89839172363281
1.669247095957091e+18,0.0,-0.0005000000237487257,0.0,-79.9508056640625
1.6692470963740383e+18,0.0,-0.0005000000237487257,0.0,-79.98506927490234
1.669247096807243e+18,0.0,-0.0005000000237487257,0.0,-79.99937438964844
1.6692470972237862e+18,0.0,-0.0005000000237487257,0.0,-80.0
1.669247097640374e+18,0.0,-0.0005000000237487257,0.0,-80.0
1.669247098048681e+18,0.0,-0.0005000000237487257,0.0,-80.0
1.669247098448635e+18,0.0,-0.0005000000237487257,0.0,-80.0
1.669247098865398e+18,0.0,-0.0005000000237487257,0.0,-80.0
1.6692470992821453e+18,0.0,-0.0005000000237487257,0.0,-80.0
1.669247099723796e+18,0.0,-0.0005000000237487257,0.0,-80.0
1.6692471002487734e+18,0.0,-0.0005000000237487257,0.0,-80.0
1.6692471006403425e+18,0.0,-0.0005000000237487257,0.0,-80.0
1.66924710104029e+18,0.0,-0.0005000000237487257,0.0,-80.0
1.669247101432185e+18,0.0,-0.0005000000237487257,0.0,-80.0
1.6692471018487675e+18,0.0,-0.0005000000237487257,0.0,-80.0
1.6692471022657152e+18,0.0,-0.0005000000237487257,0.0,-80.0
1.6692471026902287e+18,0.0,-0.0005000000237487257,0.0,-80.0
1.6692471031070057e+18,0.0,-0.0005000000237487257,0.0,-80.00149536132812
1.6692471035068027e+18,0.0,-0.0005000000237487257,0.0,-80.01785278320312
1.6692471039152758e+18,0.0,-0.0005000000237487257,0.0,-80.05435943603516
1.6692471043403005e+18,0.0,-0.0005000000237487257,0.0,-80.10902404785156
1.6692471047650235e+18,0.0,-0.0005000000237487257,0.0,-80.1864242553711
1.669247105206906e+18,0.0,-0.0005000000237487257,0.0,-80.3440933227539
1.669247105873656e+18,0.0,-0.0005000000237487257,0.0,-80.46798706054688
1.669247106289911e+18,0.0,-0.0005000000237487257,0.0,-80.59896850585938
1.6692471066816522e+18,0.0,-0.0005000000237487257,0.0,-80.77880096435547
1.6692471071484193e+18,0.0,-0.0005000000237487257,0.0,-80.9551010131836
1.669247107565057e+18,0.0,-0.0005000000237487257,0.0,-81.1493911743164
1.6692471079732362e+18,0.0,-0.0005000000237487257,0.0,-81.36109924316406
1.6692471083817846e+18,0.0,-0.0005000000237487257,0.0,-81.61470794677734
1.6692471088316608e+18,0.0,-0.0005000000237487257,0.0,-81.8775863647461
1.6692471092651372e+18,0.0,-0.0005000000237487257,0.0,-82.19355773925781
1.6692471097483226e+18,0.0,-0.0005000000237487257,0.0,-82.55642700195312
1.6692471102566308e+18,0.0,-0.0005000000237487257,0.0,-82.91615295410156
1.6692471107232182e+18,0.0,-0.0005000000237487257,0.0,-83.27334594726562
1.66924711116488e+18,0.0,-0.0005000000237487257,0.0,-83.65206146240234
1.669247111606404e+18,0.0,-0.0005000000237487257,0.0,-84.05057525634766
1.66924711203996e+18,0.0,-0.0005000000237487257,0.0,-84.43161010742188
1.6692471124397373e+18,0.0,-0.0005000000237487257,0.0,-84.82978057861328
1.669247112848198e+18,0.0,-0.0005000000237487257,0.0,-85.23822784423828
1.6692471132397112e+18,0.0,-0.0005000000237487257,0.0,-85.65237426757812
1.669247113664714e+18,0.0,-0.0005000000237487257,0.0,-86.02970886230469
1.6692471140649692e+18,0.0,-0.0005000000237487257,0.0,-86.41560363769531
1.6692471144982963e+18,0.0,-0.0005000000237487257,0.0,-86.76554870605469
1.6692471149063347e+18,0.0,-0.0005000000237487257,0.0,-87.08135223388672
1.669247115298077e+18,0.0,-0.0005000000237487257,0.0,-87.39625549316406
1.6692471157063744e+18,0.0,-0.0005000000237487257,0.0,-87.75582122802734
1.6692471162065283e+18,0.0,-0.0005000000237487257,0.0,-88.08244323730469
1.6692471166979779e+18,0.0,-0.0005000000237487257,0.0,-88.33015441894531
1.6692471170983695e+18,0.0,-0.0005000000237487257,0.0,-88.57694244384766
1.669247117522885e+18,0.0,-0.0005000000237487257,0.0,-88.799072265625
1.6692471179397345e+18,0.0,-0.0005000000237487257,0.0,-88.99285888671875
1.6692471183395907e+18,0.0,-0.0005000000237487257,0.0,-89.17410278320312
1.6692471187563766e+18,0.0,-0.0005000000237487257,0.0,-89.33740234375
1.6692471191644196e+18,0.0,-0.0005000000237487257,0.0,-89.49275207519531
1.6692471196061335e+18,0.0,-0.0005000000237487257,0.0,-89.62457275390625
1.6692471200312863e+18,0.0,-0.0005000000237487257,0.0,-89.73149871826172
1.6692471204481344e+18,0.0,-0.0005000000237487257,0.0,-89.82453918457031
1.6692471208727946e+18,0.0,-0.0005000000237487257,0.0,-89.9134521484375
1.669247121415564e+18,0.0,-0.0005000000237487257,0.0,-89.96109771728516
1.6692471218311624e+18,0.0,-0.0005000000237487257,0.0,-89.98953247070312
1.669247122239366e+18,0.0,-0.0005000000237487257,0.0,-90.00001525878906
1.6692471226727647e+18,0.0,-0.0005000000237487257,0.0,-90.0
1.669247123114619e+18,0.0,-0.0005000000237487257,0.0,-90.0
1.669247123564649e+18,0.0,-0.0005000000237487257,0.0,-90.0
1.66924712402264e+18,0.0,-0.0005000000237487257,0.0,-90.0
1.6692471244228567e+18,0.0,-0.0005000000237487257,0.0,-90.0
1.6692471248311158e+18,0.0,-0.0005000000237487257,0.0,-90.0
1.6692471252560876e+18,0.0,-0.0005000000237487257,0.0,-90.0
1.6692471256810506e+18,0.0,-0.0005000000237487257,0.0,-90.0
1.6692471261644027e+18,0.0,-0.0005000000237487257,0.0,-90.0
1.6692471266314253e+18,0.0,-0.0005000000237487257,0.0,-90.0
1.6692471270810166e+18,0.0,-0.0005000000237487257,0.0,-90.0
1.6692471275308388e+18,0.0,-0.0005000000237487257,0.0,-90.0
1.6692471279810076e+18,0.0,-0.0005000000237487257,0.0,-90.0
1.669247128430919e+18,0.0,-0.0005000000237487257,0.0,-90.0
1.669247128897425e+18,0.0,-0.0005000000237487257,0.0,-90.0
1.6692471293227151e+18,0.0,-0.0005000000237487257,0.0,-90.0
1.6692471297725535e+18,0.0,-0.0005000000237487257,0.0,-90.0
1.6692471301892467e+18,0.0,-0.0005000000237487257,0.0,-90.0
1.669247130580939e+18,0.0,-0.0005000000237487257,0.0,-90.0
1.6692471309975864e+18,0.0,-0.0005000000237487257,0.0,-90.0
1.669247131430987e+18,0.0,-0.0005000000237487257,0.0,-90.0
1.669247131839152e+18,0.0,-0.0005000000237487257,0.0,-90.0
1.6692471322726047e+18,0.0,-0.0005000000237487257,0.0,-90.0
1.669247132705732e+18,0.0,-0.0005000000237487257,0.0,-90.0
1.6692471331476244e+18,0.0,-0.0005000000237487257,0.0,-90.0
1.6692471336223823e+18,0.0,-0.0005000000237487257,0.0,-90.0
1.6692471340639672e+18,0.0,-0.0005000000237487257,0.0,-90.0
1.6692471344806687e+18,0.0,-0.0005000000237487257,0.0,-90.0
1.6692471348890074e+18,0.0,-0.0005000000237487257,0.0,-90.0
1.6692471352891546e+18,0.0,-0.0005000000237487257,0.0,-90.0
1.669247135705632e+18,0.0,-0.0005000000237487257,0.0,-90.0
1.6692471361056916e+18,0.0,-0.0005000000237487257,0.0,-90.0
1.6692471365223718e+18,0.0,-0.0005000000237487257,0.0,-90.0
1.6692471369390116e+18,0.0,-0.0005000000237487257,0.0,-90.0
1.6692471373891144e+18,0.0,-0.0005000000237487257,0.0,-90.0
1.6692471378307128e+18,0.0,-0.0005000000237487257,0.0,-90.0
1.6692471382557153e+18,0.0,-0.0005000000237487257,0.0,-90.0
1.6692471386722504e+18,0.0,-0.0005000000237487257,0.0,-90.00475311279297
1.669247139080651e+18,0.0,-0.0005000000237487257,0.0,-90.02687072753906
1.6692471394973302e+18,0.0,-0.0005000000237487257,0.0,-90.0704574584961
1.6692471399306056e+18,0.0,-0.0005000000237487257,0.0,-90.13140106201172
1.669247140355505e+18,0.0,-0.0005000000237487257,0.0,-90.21347045898438
1.6692471407808228e+18,0.0,-0.0005000000237487257,0.0,-90.32298278808594
1.6692471412472532e+18,0.0,-0.0005000000237487257,0.0,-90.49335479736328
1.669247141822085e+18,0.0,-0.0005000000237487257,0.0,-90.63548278808594
1.6692471422303808e+18,0.0,-0.0005000000237487257,0.0,-90.79121398925781
1.6692471426305142e+18,0.0,-0.0005000000237487257,0.0,-90.96882629394531
1.669247143038556e+18,0.0,-0.0005000000237487257,0.0,-91.17469787597656
1.6692471434720468e+18,0.0,-0.0005000000237487257,0.0,-91.4104995727539
1.669247143922112e+18,0.0,-0.0005000000237487257,0.0,-91.66849517822266
1.6692471443719585e+18,0.0,-0.0005000000237487257,0.0,-91.91612243652344
1.6692471447719557e+18,0.0,-0.0005000000237487257,0.0,-92.19422912597656
1.6692471451885734e+18,0.0,-0.0005000000237487257,0.0,-92.48333740234375
1.6692471456051715e+18,0.0,-0.0005000000237487257,0.0,-92.81452178955078
1.6692471460385477e+18,0.0,-0.0005000000237487257,0.0,-93.17448425292969
1.6692471464884844e+18,0.0,-0.0005000000237487257,0.0,-93.53821563720703
1.6692471469221668e+18,0.0,-0.0005000000237487257,0.0,-93.92169189453125
1.669247147355184e+18,0.0,-0.0005000000237487257,0.0,-94.3061294555664
1.6692471477634954e+18,0.0,-0.0005000000237487257,0.0,-94.70853424072266
1.6692471481717944e+18,0.0,-0.0005000000237487257,0.0,-95.12727355957031
1.6692471485800783e+18,0.0,-0.0005000000237487257,0.0,-95.54631805419922
1.6692471490049981e+18,0.0,-0.0005000000237487257,0.0,-95.9565200805664
1.6692471494300513e+18,0.0,-0.0005000000237487257,0.0,-96.3813247680664
1.669247149904958e+18,0.0,-0.0005000000237487257,0.0,-96.77447509765625
1.6692471503635136e+18,0.0,-0.0005000000237487257,0.0,-97.14500427246094
1.6692471508216305e+18,0.0,-0.0005000000237487257,0.0,-97.46354675292969
1.6692471512468068e+18,0.0,-0.0005000000237487257,0.0,-97.78413391113281
1.6692471516884252e+18,0.0,-0.0005000000237487257,0.0,-98.15856170654297
1.669247152263511e+18,0.0,-0.0005000000237487257,0.0,-98.42444610595703
1.6692471527048814e+18,0.0,-0.0005000000237487257,0.0,-98.66388702392578
1.6692471531382866e+18,0.0,-0.0005000000237487257,0.0,-98.87881469726562
1.6692471535550426e+18,0.0,-0.0005000000237487257,0.0,-99.06619262695312
1.6692471539549094e+18,0.0,-0.0005000000237487257,0.0,-99.23607635498047
1.6692471543549809e+18,0.0,-0.0005000000237487257,0.0,-99.38924407958984
1.669247154755006e+18,0.0,-0.0005000000237487257,0.0,-99.53458404541016
1.6692471551883272e+18,0.0,-0.0005000000237487257,0.0,-99.67373657226562
1.669247155663174e+18,0.0,-0.0005000000237487257,0.0,-99.77518463134766
1.6692471560883046e+18,0.0,-0.0005000000237487257,0.0,-99.85604858398438
1.669247156496501e+18,0.0,-0.0005000000237487257,0.0,-99.91764831542969
1.6692471568964544e+18,0.0,-0.0005000000237487257,0.0,-99.96390533447266
1.6692471573131794e+18,0.0,-0.0005000000237487257,0.0,-99.99092102050781
1.669247157721425e+18,0.0,-0.0005000000237487257,0.0,-100.00001525878906
1.669247158171512e+18,0.0,-0.0005000000237487257,0.0,-100.00234985351562
1.669247158638028e+18,0.0,-0.0005000000237487257,0.0,-100.02546691894531
1.669247159113386e+18,0.0,-0.0005000000237487257,0.0,-100.06818389892578
1.6692471595546488e+18,0.0,-0.0005000000237487257,0.0,-100.12667846679688
1.6692471599631498e+18,0.0,-0.0005000000237487257,0.0,-100.20520782470703
1.6692471603879954e+18,0.0,-0.0005000000237487257,0.0,-100.310302734375
1.6692471608299126e+18,0.0,-0.0005000000237487257,0.0,-100.42488861083984
1.669247161246558e+18,0.0,-0.0005000000237487257,0.0,-100.56759643554688
1.6692471616796882e+18,0.0,-0.0005000000237487257,0.0,-100.72325897216797
1.6692471621045184e+18,0.0,-0.0005000000237487257,0.0,-100.89347839355469
1.6692471625129923e+18,0.0,-0.0005000000237487257,0.0,-101.08684539794922
1.6692471629296945e+18,0.0,-0.0005000000237487257,0.0,-101.28273010253906
1.6692471633213215e+18,0.0,-0.0005000000237487257,0.0,-101.5175552368164
1.6692471637547868e+18,0.0,-0.0005000000237487257,0.0,-101.7720947265625
1.6692471641879327e+18,0.0,-0.0005000000237487257,0.0,-102.04700469970703
1.6692471646130163e+18,0.0,-0.0005000000237487257,0.0,-102.34793853759766
1.6692471650545843e+18,0.0,-0.0005000000237487257,0.0,-102.67025756835938
1.6692471654964692e+18,0.0,-0.0005000000237487257,0.0,-102.99844360351562
1.6692471659128315e+18,0.0,-0.0005000000237487257,0.0,-103.33406066894531
1.6692471663210862e+18,0.0,-0.0005000000237487257,0.0,-103.70660400390625
1.6692471667543677e+18,0.0,-0.0005000000237487257,0.0,-104.0897216796875
1.6692471671713334e+18,0.0,-0.0005000000237487257,0.0,-104.5213851928711
1.6692471676295086e+18,0.0,-0.0005000000237487257,0.0,-104.95355987548828
1.6692471680543613e+18,0.0,-0.0005000000237487257,0.0,-105.36056518554688
1.669247168454478e+18,0.0,-0.0005000000237487257,0.0,-105.76922607421875
1.6692471688709617e+18,0.0,-0.0005000000237487257,0.0,-106.15019989013672
1.6692471692877348e+18,0.0,-0.0005000000237487257,0.0,-106.6077880859375
1.6692471698043136e+18,0.0,-0.0005000000237487257,0.0,-106.96373748779297
1.6692471702379246e+18,0.0,-0.0005000000237487257,0.0,-107.34207153320312
1.6692471707127741e+18,0.0,-0.0005000000237487257,0.0,-107.65947723388672
1.6692471711544632e+18,0.0,-0.0005000000237487257,0.0,-107.97343444824219
1.669247171612691e+18,0.0,-0.0005000000237487257,0.0,-108.24212646484375
1.6692471720294275e+18,0.0,-0.0005000000237487257,0.0,-108.63818359375
1.6692471727292861e+18,0.0,-0.0005000000237487257,0.0,-108.86491394042969
1.669247173162655e+18,0.0,-0.0005000000237487257,0.0,-109.07099151611328
1.669247173604086e+18,0.0,-0.0005000000237487257,0.0,-109.25685119628906
1.669247174046156e+18,0.0,-0.0005000000237487257,0.0,-109.42194366455078
1.669247174487578e+18,0.0,-0.0005000000237487257,0.0,-109.55679321289062
1.669247174895877e+18,0.0,-0.0005000000237487257,0.0,-109.67657470703125
1.6692471753124925e+18,0.0,-0.0005000000237487257,0.0,-109.77537536621094
1.6692471757213102e+18,0.0,-0.0005000000237487257,0.0,-109.86312866210938
1.6692471761793981e+18,0.0,-0.0005000000237487257,0.0,-109.93885040283203
1.6692471767040558e+18,0.0,-0.0005000000237487257,0.0,-109.97801971435547
1.6692471771291745e+18,0.0,-0.0005000000237487257,0.0,-109.99691772460938
1.669247177537423e+18,0.0,-0.0005000000237487257,0.0,-110.0
1.669247177937473e+18,0.0,-0.0005000000237487257,0.0,-110.0
1.669247178345697e+18,0.0,-0.0005000000237487257,0.0,-110.0
1.669247178795748e+18,0.0,-0.0005000000237487257,0.0,-110.0
1.6692471792539896e+18,0.0,-0.0005000000237487257,0.0,-110.0
1.669247179703941e+18,0.0,-0.0005000000237487257,0.0,-110.01117706298828
1.6692471801958638e+18,0.0,-0.0005000000237487257,0.0,-110.04695129394531
1.669247180670505e+18,0.0,-0.0005000000237487257,0.0,-110.10140991210938
1.6692471811121375e+18,0.0,-0.0005000000237487257,0.0,-110.1707763671875
1.6692471815204434e+18,0.0,-0.0005000000237487257,0.0,-110.25790405273438
1.6692471819372716e+18,0.0,-0.0005000000237487257,0.0,-110.36888885498047
1.6692471823622815e+18,0.0,-0.0005000000237487257,0.0,-110.51904296875
1.6692471828538127e+18,0.0,-0.0005000000237487257,0.0,-110.6876220703125
1.6692471833205036e+18,0.0,-0.0005000000237487257,0.0,-110.86219024658203
1.669247183753988e+18,0.0,-0.0005000000237487257,0.0,-111.04261016845703
1.6692471841539615e+18,0.0,-0.0005000000237487257,0.0,-111.23462677001953
1.6692471845455404e+18,0.0,-0.0005000000237487257,0.0,-111.46519470214844
1.6692471849703926e+18,0.0,-0.0005000000237487257,0.0,-111.69776916503906
1.6692471853790817e+18,0.0,-0.0005000000237487257,0.0,-111.99884033203125
1.6692471858537124e+18,0.0,-0.0005000000237487257,0.0,-112.3389663696289
1.6692471863538212e+18,0.0,-0.0005000000237487257,0.0,-112.64598846435547
1.6692471867706609e+18,0.0,-0.0005000000237487257,0.0,-112.97113800048828
1.6692471871955628e+18,0.0,-0.0005000000237487257,0.0,-113.3233642578125
1.6692471876287823e+18,0.0,-0.0005000000237487257,0.0,-113.71354675292969
1.669247188078748e+18,0.0,-0.0005000000237487257,0.0,-114.0970230102539
1.6692471884952788e+18,0.0,-0.0005000000237487257,0.0,-114.51851654052734
1.6692471889371727e+18,0.0,-0.0005000000237487257,0.0,-114.95157623291016
1.6692471893620244e+18,0.0,-0.0005000000237487257,0.0,-115.35765075683594
1.6692471897618693e+18,0.0,-0.0005000000237487257,0.0,-115.75715637207031
1.6692471901701663e+18,0.0,-0.0005000000237487257,0.0,-116.12980651855469
1.6692471905710362e+18,0.0,-0.0005000000237487257,0.0,-116.51993560791016
1.669247191011912e+18,0.0,-0.0005000000237487257,0.0,-116.86382293701172
1.669247191428669e+18,0.0,-0.0005000000237487257,0.0,-117.22150421142578
1.6692471918703058e+18,0.0,-0.0005000000237487257,0.0,-117.55756378173828
1.6692471923286103e+18,0.0,-0.0005000000237487257,0.0,-117.86469268798828
1.669247192761955e+18,0.0,-0.0005000000237487257,0.0,-118.1265640258789
1.6692471931618586e+18,0.0,-0.0005000000237487257,0.0,-118.37706756591797
1.6692471935701169e+18,0.0,-0.0005000000237487257,0.0,-118.6202163696289
1.6692471940033705e+18,0.0,-0.0005000000237487257,0.0,-118.83879089355469
1.669247194420549e+18,0.0,-0.0005000000237487257,0.0,-119.04779815673828
1.6692471948617953e+18,0.0,-0.0005000000237487257,0.0,-119.22777557373047
1.6692471952868477e+18,0.0,-0.0005000000237487257,0.0,-119.39241790771484
1.669247195711741e+18,0.0,-0.0005000000237487257,0.0,-119.52810668945312
1.6692471961119404e+18,0.0,-0.0005000000237487257,0.0,-119.6493148803711
1.6692471965199619e+18,0.0,-0.0005000000237487257,0.0,-119.75704956054688
1.6692471969533752e+18,0.0,-0.0005000000237487257,0.0,-119.84149932861328
1.669247197361835e+18,0.0,-0.0005000000237487257,0.0,-119.91346740722656
1.6692471978117693e+18,0.0,-0.0005000000237487257,0.0,-119.96012115478516
1.669247198228329e+18,0.0,-0.0005000000237487257,0.0,-119.98853302001953
1.6692471986199027e+18,0.0,-0.0005000000237487257,0.0,-119.99972534179688
1.6692471990116628e+18,0.0,-0.0005000000237487257,0.0,-120.0
1.6692471994284393e+18,0.0,-0.0005000000237487257,0.0,-120.0
1.6692471999865546e+18,0.0,-0.0005000000237487257,0.0,-120.0
1.6692472004117174e+18,0.0,-0.0005000000237487257,0.0,-120.0
1.669247200878197e+18,0.0,-0.0005000000237487257,0.0,-120.0
1.6692472013781537e+18,0.0,-0.0005000000237487257,0.0,-120.0
1.6692472017864648e+18,0.0,-0.0005000000237487257,0.0,-120.0
1.6692472022031516e+18,0.0,-0.0005000000237487257,0.0,-120.0
1.669247202728047e+18,0.0,-0.0005000000237487257,0.0,-120.0
1.669247203357093e+18,0.0,-0.0005000000237487257,0.0,-120.0
1.6692472039197537e+18,0.0,-0.0005000000237487257,0.0,-120.00030517578125
1.6692472043531034e+18,0.0,-0.0005000000237487257,0.0,-120.01394653320312
1.6692472047865746e+18,0.0,-0.0005000000237487257,0.0,-120.04405212402344
1.66924720518632e+18,0.0,-0.0005000000237487257,0.0,-120.09715270996094
1.6692472056282854e+18,0.0,-0.0005000000237487257,0.0,-120.16707611083984
1.6692472060447905e+18,0.0,-0.0005000000237487257,0.0,-120.25950622558594
1.6692472064780063e+18,0.0,-0.0005000000237487257,0.0,-120.36888885498047
1.669247206903005e+18,0.0,-0.0005000000237487257,0.0,-120.49970245361328
1.669247207336537e+18,0.0,-0.0005000000237487257,0.0,-120.66866302490234
1.6692472078113021e+18,0.0,-0.0005000000237487257,0.0,-120.82899475097656
1.6692472082115622e+18,0.0,-0.0005000000237487257,0.0,-121.01468658447266
1.6692472086366047e+18,0.0,-0.0005000000237487257,0.0,-121.2196273803711
1.6692472090529672e+18,0.0,-0.0005000000237487257,0.0,-121.43798828125
1.6692472094695729e+18,0.0,-0.0005000000237487257,0.0,-121.70426177978516
1.6692472099278979e+18,0.0,-0.0005000000237487257,0.0,-121.98037719726562
1.6692472103615956e+18,0.0,-0.0005000000237487257,0.0,-122.2697525024414
1.6692472107945482e+18,0.0,-0.0005000000237487257,0.0,-122.57160949707031
1.6692472112110797e+18,0.0,-0.0005000000237487257,0.0,-122.89997100830078
1.6692472116457208e+18,0.0,-0.0005000000237487257,0.0,-123.24806213378906
1.6692472120697009e+18,0.0,-0.0005000000237487257,0.0,-123.64342498779297
1.669247212536158e+18,0.0,-0.0005000000237487257,0.0,-124.03238677978516
1.6692472129612442e+18,0.0,-0.0005000000237487257,0.0,-124.44113159179688
1.66924721339465e+18,0.0,-0.0005000000237487257,0.0,-125.0552749633789
1.6692472140028933e+18,0.0,-0.0005000000237487257,0.0,-125.54631805419922
1.66924721449487e+18,0.0,-0.0005000000237487257,0.0,-125.95560455322266
1.6692472149276096e+18,0.0,-0.0005000000237487257,0.0,-126.2451171875
1.6692472153944963e+18,0.0,-0.0005000000237487257,0.0,-126.24524688720703
1.6692472158358963e+18,0.0,-0.0005000000237487257,0.0,-126.24525451660156
1.6692472162943526e+18,0.0,-0.0005000000237487257,0.0,-126.24525451660156
1.6692472167694979e+18,0.0,-0.0005000000237487257,0.0,-126.24525451660156
1.6692472171705244e+18,0.0,-0.0005000000237487257,0.0,-126.24525451660156
1.669247217577682e+18,0.0,-0.0005000000237487257,0.0,-126.24525451660156
1.6692472179950607e+18,0.0,-0.0005000000237487257,0.0,-126.24525451660156
1.6692472183944384e+18,0.0,-0.0005000000237487257,0.0,-126.24525451660156
1.6692472188275676e+18,0.0,-0.0005000000237487257,0.0,-126.24525451660156
1.6692472192442447e+18,0.0,-0.0005000000237487257,0.0,-126.24525451660156
